School,Abbrev,Conf,Rotowire
ABILENE CH,ACU,Southland,Abilene Christian
AIR FORCE,AFA,MWC,Air Force
AKRON,AKR,MAC,Akron
ALABAMA,BAMA,SEC,Alabama
ALAB A&M,AAMU,SWAC,Alabama A&M
ALABAMA ST,ALST,SWAC,Alabama State
ALBANY,ALBY,CAA,Albany
ALCORN ST,ALCN,SWAC,Alcorn State
APP STATE,APP,SBC,Appalachian State
ARIZONA,ARIZ,P12,Arizona
ARIZONA ST,ASU,P12,Arizona State
ARKANSAS,ARK,SEC,Arkansas
ARK STATE,ARST,SBC,Arkansas State
ARKAPB,ARPB,SWAC,Arkansas-Pine Bluff
ARMY,ARMY,IND,Army
AUBURN,AUB,SEC,Auburn
AUSTINPEAY,PEAY,OVC,Austin Peay
BALL ST,BALL,MAC,Ball State
BAYLOR,BAY,B12,Baylor
BETHUNE-COOKMAN,COOK,MEAC,Bethune-Cookman
BOISE ST,BSU,MWC,Boise State
BOSTON COL,BC,ACC,Boston College
BOWL GREEN,BGSU,MAC,Bowling Green
BROWN,BRWN,Ivy,Brown
BRYANT,BRY,NEC,Bryant
BUCKNELL,BUCK,Patriot,Bucknell
BUFFALO,BUFF,MAC,Buffalo
BUTLER,BUT,Pioneer,Butler
BYU,BYU,IND,BYU
CAL,CAL,P12,CAL
CAL POLY,CP,Big Sky,Cal Poly
CAMPBELL,CAMP,Pioneer,Campbell
CENT ARK,UCA,Southland,Central Arkansas
CENTRAL CONNECTICUT,CCSU,NEC,Central Connecticut
C MICHIGAN,CMU,MAC,Central Michigan
CHARLES SO,CHSO,Big South,Charleston Southern
CHARLOTTE,CHAR,CUSA,Charlotte
CHATTNOOGA,CHAT,SoCon,Chattanooga
CINCINNATI,CINCY,AAC,Cincinnati
CLEMSON,CLEM,ACC,Clemson
COAST CAR,CCAR,Big South,Coastal Carolina
COLGATE,COLG,Patriot,Colgate
COLORADO,COL,P12,Colorado
COLO STATE,CSU,MWC,Colorado State
COLUMBIA,CLMB,Ivy,Columbia
CORNELL,COR,Ivy,Cornell
DARTMOUTH,DART,Ivy,Dartmouth
DAVIDSON,DAV,Pioneer,Davidson
DAYTON,DAY,Pioneer,Dayton
DELAWARE,DEL,CAA,Delaware
DELWARE ST,DSU,MEAC,Delaware State
DRAKE,DRKE,Pioneer,Drake
DUKE,DUKE,ACC,Duke
DUQUESNE,DUQ,NEC,Duquesne
EASTERN ILLINOIS,EIU,OVC,Eastern Illinois
EASTERN KENTUCKY,EKY,OVC,Eastern Kentucky
E MICHIGAN,EMU,MAC,Eastern Michigan
EASTERN WASHINGTON,EWU,Big Sky,Eastern Washington
ECU,ECU,AAC,ECU
ELON,ELON,CAA,Elon
ETSU,ETSU,SoCon,ETSU
FAU,FAU,CUSA,FAU
FIU,FIU,CUSA,Florida International
FLORIDA,UF,SEC,Florida
FL A&M,FAMU,MEAC,Florida A&M
FLORIDA ST,FSU,ACC,Florida State
FORDHAM,FOR,Patriot,Fordham
FRESNO ST,FRES,MWC,Fresno State
FURMAN,FUR,SoCon,Furman
GARDNER-WEBB,WEBB,Big South,Gardner-Webb
GEORGETOWN,GTWN,Patriot,Georgetown
GEORGIA,UGA,SEC,Georgia
GA SOUTHERN,GASO,SBC,Georgia Southern
GA ST,GAST,SBC,Georgia State
GA TECH,GT,ACC,Georgia Tech
GRAMBLING ST,GRAM,SWAC,Grambling State
HAMPTON,HAMP,MEAC,Hampton
HARVARD,HARV,Ivy,Harvard
HAWAII,HAW,MWC,Hawaii
HOLY CROSS,HC,Patriot,Holy Cross
HOUSTON,HOU,AAC,Houston
HOUSTON BAPTIST,HBU,Southland,Houston Baptist
HOWARD,HOW,MEAC,Howard
IDAHO,IDHO,SBC,Idaho
IDAHO ST,IDST,Big Sky,Idaho State
ILLINOIS,IL,B1G,Illinois
ILLINOIS ST,ILST,MVFC,Illinois State
INCARNATE WORD,IW,Southland,Incarnate Word
INDIANA,IU,B1G,Indiana
INDIANA ST,INST,MVFC,Indiana State
IOWA,IOWA,B1G,Iowa
IOWA STATE,ISU,B12,Iowa State
JACKSON ST,JKST,SWAC,Jackson State
JACKSONVILLE,JAC,Pioneer,Jacksonville
JACKSONVILLE ST,JVST,OVC,Jacksonville State
JAMES MADISON,JMU,CAA,James Madison
KANSAS,KU,B12,Kansas
KANSAS ST,KSU,B12,Kansas State
KENNESAW ST,KENN,Big South,Kennesaw State
KENT STATE,KENT,MAC,Kent State
KENTUCKY,UK,SEC,Kentucky
LAFAYETTE,LAF,Patriot,Lafayette
LAMAR,LAM,Southland,Lamar
LEHIGH,LEH,Patriot,Lehigh
LIBERTY,LIB,Big South,Liberty
LA LAFAYETTE,ULL,SBC,Louisiana-Lafayette
LA MONROE,ULM,SBC,Louisiana-Monroe
LA TECH,LT,CUSA,Louisiana Tech
LOUISVILLE,LOU,ACC,Louisville
LSU,LSU,SEC,LSU
MAINE,MNE,CAA,Maine
MARIST,MRST,Pioneer,Marist
MARSHALL,MRSH,CUSA,Marshall
MARYLAND,UMD,B1G,Maryland
MCNEESE ST,MCNS,Southland,Mcneese State
MEMPHIS,MEM,AAC,Memphis
MERCER,MER,SoCon,Mercer
MIAMI FL,MIA,ACC,Miami
MIAMI OH,M-OH,MAC,Miami Oh
MICH STATE,MSU,B1G,Michigan State
MICHIGAN,MICH,B1G,Michigan
MIDDLE TENNESSEE,MTSU,CUSA,Middle Tennessee
MINNESOTA,MINN,B1G,Minnesota
MISS ST,MSST,SEC,Mississippi State
MISSISSIPPI VALLEY ST,MVSU,SWAC,Mississippi Valley State
MISSOURI,MIZZ,SEC,Missouri
MISSOURI ST,MOST,MVFC,Missouri State
MONMOUTH,MONM,Big South,Monmouth
MONTANA,MONT,Big Sky,Montana
MONTANA ST,MTST,Big Sky,Montana State
MOREHEAD ST,MORE,Pioneer,Morehead State
MORGAN ST,MORG,MEAC,Morgan State
MURRAY ST,MURR,OVC,Murray State
N CAROLINA,UNC,ACC,N Carolina
NAVY,NAVY,AAC,Navy
NC CENTRAL,NCCU,MEAC,Nc Central
NC ST,NCST,ACC,NC ST
NEBRASKA,NEB,B1G,Nebraska
NEVADA,NEV,MWC,Nevada
NEW HAMPSHIRE,UNH,CAA,New Hampshire
NEW MEXICO,UNM,MWC,New Mexico
NEW MEXICO ST,NMSU,SBC,New Mexico State
NICHOLLS ST,NICH,Southland,Nicholls State
NORFOLK ST,NORF,MEAC,Norfolk State
NORTH CAROLINA A&T,NCAT,MEAC,North Carolina A&T
N DAKOTA,UND,Big Sky,North Dakota
N DAK ST,NDSU,MVFC,North Dakota State
N TEXAS,UNT,CUSA,North Texas
N ARIZONA,NAU,Big Sky,Northern Arizona
NORTHERN COLORADO,UNCO,Big Sky,Northern Colorado
NORTHERN ILLINOIS,NIU,MAC,Northern Illinois
N IOWA,UNI,MVFC,Northern Iowa
NWESTERN,NW,B1G,Northwestern
NORTHWESTERN ST,NWST,Southland,Northwestern State
NOTRE DAME,ND,IND,Notre Dame
OHIO,OHIO,MAC,Ohio
OHIO STATE,OSU,B1G,Ohio State
OKLA STATE,OKST,B12,Oklahoma State
OKLAHOMA,OU,B12,Oklahoma
OLD DOMINION,ODU,CUSA,Old Dominion
OLE MISS,MISS,SEC,Mississippi
OREGON,ORE,P12,Oregon
OREGON ST,ORST,P12,Oregon State
PENN STATE,PSU,B1G,Penn State
PITTSBURGH,PITT,ACC,Pittsburgh
PORTLAND ST,PRST,Big Sky,Portland State
PRAIRIE VIEW A&M,PV,SWAC,Prairie View A&M
PRESBYTERIAN,PRE,Big South,Presbyterian
PRINCETON,PRIN,Ivy,Princeton
PURDUE,PUR,B1G,Purdue
RHODE ISLAND,URI,CAA,Rhode Island
RICE,RICE,CUSA,Rice
RICHMOND,RICH,CAA,Richmond
ROBERT MORRIS (PA),RMU,NEC,Robert Morris (Pa)
RUTGERS,RU,B1G,Rutgers
S CAROLINA,SCAR,SEC,South Carolina
SACRAMENTO ST,SAC,Big Sky,Sacramento State
SACRED HEART,SHU,NEC,Sacred Heart
SAM HOUSTON ST,SHSU,Southland,Sam Houston State
SAMFORD,SAM,SoCon,Samford
SAN DIEGO,USD,Pioneer,San Diego
SAN DIEGO ST,SDSU,MWC,San Diego State
SAN JOSÉ ST,SJSU,MWC,San Jose State
SAVANNAH ST,SAV,MEAC,Savannah State
SMU,SMU,AAC,SMU
SOUTH ALABAMA,USA,SBC,South Alabama
SOUTH CAROLINA ST,SCST,MEAC,South Carolina State
SOUTH DAKOTA,SDAK,MVFC,South Dakota
SOUTH DAKOTA ST,SDSU,MVFC,South Dakota State
SOUTH FLORIDA,USF,AAC,South Florida
SOUTHEAST MISSOURI,SEMO,OVC,Southeast Missouri
SOUTHEASTERN LOUISIANA,SELA,Southland,Southeastern Louisiana
SOUTHERN ILLINOIS,SIU,MVFC,Southern Illinois
SOUTHERN MISS,USM,CUSA,Southern Miss
SOUTHERN UNIVERSITY,SOU,SWAC,Southern University
SOUTHERN UTAH,SUU,Big Sky,Southern Utah
ST. FRANCIS (PA),SFU,NEC,State. Francis (Pa)
STANFORD,STAN,P12,Stanford
STEPHEN F. AUSTIN,SFA,Southland,Stateephen F. Austin
STETSON,STET,Pioneer,Stateetson
STONY BROOK,STON,CAA,Stateony Brook
SYRACUSE,SYR,ACC,Syracuse
TCU,TCU,B12,TCU
TEMPLE,TEM,AAC,Temple
TENNESSEE,TENN,SEC,Tennessee
TENNESSEE ST,TNST,OVC,Tennessee State
TENNESSEE TECH,TNTC,OVC,Tennessee Tech
TENNESSEE-MARTIN,UTM,OVC,Tennessee-Martin
TEXAS,UT,B12,Texas
TEXAS A&M,TA&M,SEC,Texas A&M
TEXAS SOUTHERN,TXSO,SWAC,Texas Southern
TEXAS ST,TXST,SBC,Texas State
TEXAS TECH,TTU,B12,Texas Tech
CITADEL,CIT,SoCon,The Citadel
TOLEDO,TOL,MAC,Toledo
TOWSON,TOWS,CAA,Towson
TROY,TROY,SBC,Troy
TULANE,TUL,AAC,Tulane
TULSA,TLSA,AAC,Tulsa
UC DAVIS,UCD,Big Sky,Uc Davis
UCF,UCF,AAC,UCF
UCLA,UCLA,P12,UCLA
UCONN,CONN,AAC,Uconn
UMASS,UMASS,IND,UMASS
UNLV,UNLV,MWC,UNLV
UPENN,PENN,Ivy,UPENN
USC,USC,P12,USC
UTAH,UTAH,P12,Utah
UTAH ST,USU,MWC,Utah State
UTEP,UTEP,CUSA,UTEP
UTSA,UTSA,CUSA,UTSA
VALPARAISO,VALP,Pioneer,Valparaiso
VANDERBILT,VAN,SEC,Vanderbilt
VILLANOVA,NOVA,CAA,Villanova
VIRGINIA,UV,ACC,Virginia
VA TECH,VT,ACC,Virginia Tech
VMI,VMI,SoCon,VMI
W VIRGINIA,WVU,B12,West Virginia
WAGNER,WAG,NEC,Wagner
WAKE,WAKE,ACC,Wake Forest
WASHINGTON,WASH,P12,Washington
WASHINGTON ST,WSU,P12,Washington State
WEBER ST,WEB,Big Sky,Weber State
WESTERN CAROLINA,WCU,SoCon,Western Carolina
WESTERN ILLINOIS,WIU,MVFC,Western Illinois
W MICHIGAN,WMU,MAC,Western Michigan
WILLIAM & MARY,W&M,CAA,William & Mary
WISCONSIN,WISC,B1G,Wisconsin
WKU,WKU,CUSA,WKU
WOFFORD,WOF,SoCon,Wofford
WYOMING,WYO,MWC,Wyoming
YALE,YALE,Ivy,Yale
YOUNGSTOWN ST,YSU,MVFC,Youngstown State
